{
  "camera_1": {
    "slot_1": 0.1589734833751576,
    "slot_2": 0.4743978708611959,
    "slot_3": 0.4743978708611959,
    "slot_4": 0.7017429063723143,
    "slot_5": 0.8298733863079809,
    "slot_6": 1.0,
    "slot_7": 0.0
  },
  "camera_2": {
    "slot_1": 0.5716509032440984,
    "slot_2": 0.19156353968936615,
    "slot_3": 0.4624752955742643,
    "slot_4": 0.0,
    "slot_5": 0.5716509032440984,
    "slot_6": 0.19156353968936615,
    "slot_7": 1.0
  }
}